[
    {
        "source_address": "123.112.23.15",
        "source_port": 3000, 
        "destination_address": "112.351.123.15",
        "destination_port": 80,
        "protocol": "TCP"
    },
    {
        "source_address": "12.169.23.15",
        "source_port": 3000, 
        "destination_address": "124.3.123.15",
        "destination_port": 3000,
        "protocol": "UDP"
    },
    {
        "source_address": "92.169.23.15",
        "source_port": 3000, 
        "destination_address": "124.351.12.15",
        "destination_port": 80,
        "protocol": "TCP"
    },
    {
        "source_address": "133.182.23.15",
        "source_port": 3000, 
        "destination_address": "12.351.13.15",
        "destination_port": 80,
        "protocol": "ICMP"
    },
    {
        "source_address": "12.16.23.151",
        "source_port": 3000, 
        "destination_address": "40.3.13.15",
        "destination_port": 80,
        "protocol": "TCP"
    },
    {
        "source_address": "92.112.23.152",
        "source_port": 3000, 
        "destination_address": "124.31.1.15",
        "destination_port": 80,
        "protocol": "TCP"
    }
]